{
  "datasets": {
    "dataset_1_df40": {
      "auc": 0.9476972400547856,
      "eer": 0.12760633861551293,
      "accuracy": 0.8102585487906588,
      "ap": 0.9494201652362004,
      "precision": 0.7366412213740458,
      "recall": 0.9658048373644704,
      "f1": 0.8357993504150126,
      "sample_count": 2398,
      "video_auc": 1.0,
      "video_eer": 0.0,
      "video_acc": 0.75
    }
  },
  "timestamp": "2026-01-16T10:46:40.453060"
}