{
  "datasets": {
    "dataset_1_df40": {
      "auc": 0.9456544771669524,
      "eer": 0.1245311327831958,
      "accuracy": 0.8095297648824412,
      "ap": 0.9477803603925183,
      "precision": 0.7372458764863828,
      "recall": 0.9617212909682261,
      "f1": 0.8346542177830855,
      "sample_count": 7996,
      "video_auc": 1.0,
      "video_eer": 0.0,
      "video_acc": 0.875
    }
  },
  "timestamp": "2026-01-16T09:14:29.526140"
}