{
  "datasets": {
    "dataset_1_humans100k_jpg": {
      "auc": 0.0,
      "eer": 0.0,
      "accuracy": 0.8435,
      "ap": 0.0,
      "precision": 1.0,
      "recall": 0.8435,
      "f1": 0.9151071331705994,
      "sample_count": 100000,
      "video_auc": 0.0,
      "video_eer": 0.0,
      "video_acc": 1.0
    }
  },
  "timestamp": "2026-01-19T15:49:55.706020"
}