{
  "datasets": {
    "dataset_1_FE_CoDiff": {
      "auc": 0.0,
      "eer": 0.0,
      "accuracy": 0.997564935064935,
      "ap": 0.0,
      "precision": 1.0,
      "recall": 0.997564935064935,
      "f1": 0.9987809833401057,
      "sample_count": 1232,
      "video_auc": 0.0,
      "video_eer": 0.0,
      "video_acc": 1.0
    },
    "dataset_2_FE_Imagic": {
      "auc": 0.0,
      "eer": 0.0,
      "accuracy": 0.9808726838015541,
      "ap": 0.0,
      "precision": 1.0,
      "recall": 0.9808726838015541,
      "f1": 0.9903439951719976,
      "sample_count": 1673,
      "video_auc": 0.0,
      "video_eer": 0.0,
      "video_acc": 0.9905660377358491
    },
    "dataset_3_FE_cycle_diff": {
      "auc": 0.0,
      "eer": 0.0,
      "accuracy": 0.975609756097561,
      "ap": 0.0,
      "precision": 1.0,
      "recall": 0.975609756097561,
      "f1": 0.9876543209876543,
      "sample_count": 1845,
      "video_auc": 0.0,
      "video_eer": 0.0,
      "video_acc": 0.9914529914529915
    },
    "dataset_4_FS_DCFace": {
      "auc": 0.0,
      "eer": 0.0,
      "accuracy": 1.0,
      "ap": 0.0,
      "precision": 1.0,
      "recall": 1.0,
      "f1": 1.0,
      "sample_count": 1229,
      "video_auc": 0.0,
      "video_eer": 0.0,
      "video_acc": 1.0
    },
    "dataset_5_FS_DiffFace": {
      "auc": 0.0,
      "eer": 0.0,
      "accuracy": 0.990909090909091,
      "ap": 0.0,
      "precision": 1.0,
      "recall": 0.990909090909091,
      "f1": 0.9954337899543378,
      "sample_count": 880,
      "video_auc": 0.0,
      "video_eer": 0.0,
      "video_acc": 1.0
    },
    "dataset_6_I2I_DreamBooth": {
      "auc": 0.0,
      "eer": 0.0,
      "accuracy": 0.8403247631935047,
      "ap": 0.0,
      "precision": 1.0,
      "recall": 0.8403247631935047,
      "f1": 0.913235294117647,
      "sample_count": 1478,
      "video_auc": 0.0,
      "video_eer": 0.0,
      "video_acc": 1.0
    },
    "dataset_7_I2I_FreeDoM_I": {
      "auc": 0.0,
      "eer": 0.0,
      "accuracy": 0.9776407093292213,
      "ap": 0.0,
      "precision": 1.0,
      "recall": 0.9776407093292213,
      "f1": 0.9886939571150097,
      "sample_count": 1297,
      "video_auc": 0.0,
      "video_eer": 0.0,
      "video_acc": 1.0
    },
    "dataset_8_I2I_LoRA": {
      "auc": 0.0,
      "eer": 0.0,
      "accuracy": 0.9779643231899265,
      "ap": 0.0,
      "precision": 1.0,
      "recall": 0.9779643231899265,
      "f1": 0.9888594164456234,
      "sample_count": 953,
      "video_auc": 0.0,
      "video_eer": 0.0,
      "video_acc": 1.0
    },
    "dataset_9_I2I_SDXL_Refine": {
      "auc": 0.0,
      "eer": 0.0,
      "accuracy": 0.982310668877833,
      "ap": 0.0,
      "precision": 1.0,
      "recall": 0.982310668877833,
      "f1": 0.9910764082543224,
      "sample_count": 1809,
      "video_auc": 0.0,
      "video_eer": 0.0,
      "video_acc": 1.0
    },
    "dataset_10_T2I_FreeDoM_T": {
      "auc": 0.0,
      "eer": 0.0,
      "accuracy": 0.9942196531791907,
      "ap": 0.0,
      "precision": 1.0,
      "recall": 0.9942196531791907,
      "f1": 0.9971014492753624,
      "sample_count": 1384,
      "video_auc": 0.0,
      "video_eer": 0.0,
      "video_acc": 1.0
    },
    "dataset_11_T2I_HPS": {
      "auc": 0.0,
      "eer": 0.0,
      "accuracy": 0.9364908503767492,
      "ap": 0.0,
      "precision": 1.0,
      "recall": 0.9364908503767492,
      "f1": 0.9672040022234575,
      "sample_count": 1858,
      "video_auc": 0.0,
      "video_eer": 0.0,
      "video_acc": 1.0
    },
    "dataset_12_T2I_Midjourney": {
      "auc": 0.0,
      "eer": 0.0,
      "accuracy": 0.9820224719101124,
      "ap": 0.0,
      "precision": 1.0,
      "recall": 0.9820224719101124,
      "f1": 0.9909297052154195,
      "sample_count": 1780,
      "video_auc": 0.0,
      "video_eer": 0.0,
      "video_acc": 1.0
    },
    "dataset_13_T2I_SDXL": {
      "auc": 0.0,
      "eer": 0.0,
      "accuracy": 0.9844271412680756,
      "ap": 0.0,
      "precision": 1.0,
      "recall": 0.9844271412680756,
      "f1": 0.992152466367713,
      "sample_count": 1798,
      "video_auc": 0.0,
      "video_eer": 0.0,
      "video_acc": 1.0
    }
  },
  "timestamp": "2026-01-19T11:06:45.888631"
}