{
  "datasets": {
    "dataset_1_AniPortraitAudio": {
      "auc": 0.0,
      "eer": 0.0,
      "accuracy": 0.3975,
      "ap": 0.0,
      "precision": 1.0,
      "recall": 0.3975,
      "f1": 0.5688729874776386,
      "sample_count": 800,
      "video_auc": 0.0,
      "video_eer": 0.0,
      "video_acc": 0.4
    },
    "dataset_2_AniPortraitVideo": {
      "auc": 0.0,
      "eer": 0.0,
      "accuracy": 0.4845758354755784,
      "ap": 0.0,
      "precision": 1.0,
      "recall": 0.4845758354755784,
      "f1": 0.6528138528138528,
      "sample_count": 778,
      "video_auc": 0.0,
      "video_eer": 0.0,
      "video_acc": 0.5
    },
    "dataset_3_EmoPortrait": {
      "auc": 0.0,
      "eer": 0.0,
      "accuracy": 0.9875,
      "ap": 0.0,
      "precision": 1.0,
      "recall": 0.9875,
      "f1": 0.9937106918238994,
      "sample_count": 800,
      "video_auc": 0.0,
      "video_eer": 0.0,
      "video_acc": 0.98
    },
    "dataset_4_Hallo": {
      "auc": 0.0,
      "eer": 0.0,
      "accuracy": 0.51375,
      "ap": 0.0,
      "precision": 1.0,
      "recall": 0.51375,
      "f1": 0.6787778695293146,
      "sample_count": 800,
      "video_auc": 0.0,
      "video_eer": 0.0,
      "video_acc": 0.54
    },
    "dataset_5_Hallo2": {
      "auc": 0.0,
      "eer": 0.0,
      "accuracy": 0.375,
      "ap": 0.0,
      "precision": 1.0,
      "recall": 0.375,
      "f1": 0.5454545454545454,
      "sample_count": 800,
      "video_auc": 0.0,
      "video_eer": 0.0,
      "video_acc": 0.32
    },
    "dataset_6_LivePortrait": {
      "auc": 0.0,
      "eer": 0.0,
      "accuracy": 0.67875,
      "ap": 0.0,
      "precision": 1.0,
      "recall": 0.67875,
      "f1": 0.8086373790022338,
      "sample_count": 800,
      "video_auc": 0.0,
      "video_eer": 0.0,
      "video_acc": 0.72
    }
  },
  "timestamp": "2026-01-21T15:19:19.542940"
}