{
  "datasets": {
    "dataset_1_CollabDiff": {
      "auc": 0.9824709999999999,
      "eer": 0.073,
      "accuracy": 0.925,
      "ap": 0.9830858862355468,
      "precision": 0.8986866791744841,
      "recall": 0.958,
      "f1": 0.9273959341723137,
      "sample_count": 2000,
      "video_auc": 0.997,
      "video_eer": 0.0,
      "video_acc": 0.958041958041958
    },
    "dataset_2_deepfacelab": {
      "auc": 0.8686123706751979,
      "eer": 0.1951530612244898,
      "accuracy": 0.76458157227388,
      "ap": 0.9376166856419338,
      "precision": 0.7953890489913544,
      "recall": 0.8723135271807838,
      "f1": 0.8320771781730479,
      "sample_count": 2366,
      "video_auc": 0.8806122448979591,
      "video_eer": 0.1836734693877551,
      "video_acc": 0.7718120805369127
    },
    "dataset_3_heygen_new": {
      "auc": 0.915545915233415,
      "eer": 0.175,
      "accuracy": 0.5687732342007435,
      "ap": 0.9299554432569134,
      "precision": 0.5394912985274432,
      "recall": 0.9901719901719902,
      "f1": 0.6984402079722704,
      "sample_count": 1614,
      "video_auc": 0.9239215686274509,
      "video_eer": 0.22,
      "video_acc": 0.5643564356435643
    },
    "dataset_4_MidJourney": {
      "auc": 0.9967476190476191,
      "eer": 0.017,
      "accuracy": 0.9625766871165644,
      "ap": 0.9939118751129581,
      "precision": 0.9117221418234442,
      "recall": 1.0,
      "f1": 0.9538228614685844,
      "sample_count": 1630,
      "video_auc": 1.0,
      "video_eer": 0.0,
      "video_acc": 1.0
    },
    "dataset_5_stargan": {
      "auc": 0.9797163853164021,
      "eer": 0.07106854838709678,
      "accuracy": 0.7678931451612904,
      "ap": 0.9749325445348059,
      "precision": 0.6830864622803996,
      "recall": 0.9994959677419355,
      "f1": 0.8115408225905464,
      "sample_count": 3968,
      "video_auc": 1.0,
      "video_eer": 0.0,
      "video_acc": 1.0
    },
    "dataset_6_starganv2": {
      "auc": 0.9416691466241016,
      "eer": 0.12712712712712712,
      "accuracy": 0.718968968968969,
      "ap": 0.9310064420074406,
      "precision": 0.6412657410397159,
      "recall": 0.993993993993994,
      "f1": 0.7795878312070658,
      "sample_count": 3996,
      "video_auc": 1.0,
      "video_eer": 0.0,
      "video_acc": 0.5
    },
    "dataset_7_styleclip": {
      "auc": 0.9906926345609065,
      "eer": 0.039,
      "accuracy": 0.9560669456066946,
      "ap": 0.996989377609891,
      "precision": 0.9636871508379888,
      "recall": 0.9773371104815864,
      "f1": 0.9704641350210971,
      "sample_count": 3824,
      "video_auc": 1.0,
      "video_eer": 0.0,
      "video_acc": 1.0
    },
    "dataset_8_whichfaceisreal": {
      "auc": 0.9447847152847151,
      "eer": 0.139,
      "accuracy": 0.8630684657671165,
      "ap": 0.9478119985300905,
      "precision": 0.8690355329949239,
      "recall": 0.8551448551448552,
      "f1": 0.8620342396777442,
      "sample_count": 2001,
      "video_auc": 1.0,
      "video_eer": 0.0,
      "video_acc": 1.0
    }
  },
  "timestamp": "2026-01-22T09:31:42.051289"
}