{
  "datasets": {
    "dataset_1_ADM": {
      "auc": 0.9895919930884967,
      "eer": 0.046620046620046623,
      "accuracy": 0.7913752913752914,
      "ap": 0.9890456336525042,
      "precision": 0.7062706270627063,
      "recall": 0.9976689976689976,
      "f1": 0.8270531400966183,
      "sample_count": 858,
      "video_auc": 1.0,
      "video_eer": 0.0,
      "video_acc": 1.0
    },
    "dataset_2_DDIM": {
      "auc": 0.8267016588694909,
      "eer": 0.2191142191142191,
      "accuracy": 0.7132867132867133,
      "ap": 0.8362946551214758,
      "precision": 0.6697588126159555,
      "recall": 0.8414918414918415,
      "f1": 0.7458677685950413,
      "sample_count": 858,
      "video_auc": 1.0,
      "video_eer": 0.0,
      "video_acc": 1.0
    },
    "dataset_3_DDPM": {
      "auc": 0.922030960492499,
      "eer": 0.1351981351981352,
      "accuracy": 0.7878787878787878,
      "ap": 0.9094499137796613,
      "precision": 0.7170474516695958,
      "recall": 0.951048951048951,
      "f1": 0.8176352705410822,
      "sample_count": 858,
      "video_auc": 1.0,
      "video_eer": 0.0,
      "video_acc": 1.0
    },
    "dataset_4_DiffSwap": {
      "auc": 0.9756086958884161,
      "eer": 0.06993006993006994,
      "accuracy": 0.7972027972027972,
      "ap": 0.9724129958764514,
      "precision": 0.7128547579298832,
      "recall": 0.9953379953379954,
      "f1": 0.830739299610895,
      "sample_count": 858,
      "video_auc": 1.0,
      "video_eer": 0.0,
      "video_acc": 1.0
    },
    "dataset_5_Inpaint": {
      "auc": 0.7416064898582382,
      "eer": 0.331002331002331,
      "accuracy": 0.6608391608391608,
      "ap": 0.7662057664503295,
      "precision": 0.6374501992031872,
      "recall": 0.745920745920746,
      "f1": 0.6874328678839957,
      "sample_count": 858,
      "video_auc": 1.0,
      "video_eer": 0.0,
      "video_acc": 1.0
    },
    "dataset_6_LDM": {
      "auc": 0.9494895159230824,
      "eer": 0.11655011655011654,
      "accuracy": 0.8006993006993007,
      "ap": 0.9519261202581056,
      "precision": 0.7247386759581882,
      "recall": 0.9696969696969697,
      "f1": 0.8295114656031904,
      "sample_count": 858,
      "video_auc": 1.0,
      "video_eer": 0.0,
      "video_acc": 1.0
    },
    "dataset_7_PNDM": {
      "auc": 0.8661602577686494,
      "eer": 0.20046620046620048,
      "accuracy": 0.7505827505827506,
      "ap": 0.8725224129614836,
      "precision": 0.6929982046678635,
      "recall": 0.8997668997668997,
      "f1": 0.7829614604462475,
      "sample_count": 858,
      "video_auc": 1.0,
      "video_eer": 0.0,
      "video_acc": 1.0
    },
    "dataset_8_SDv15_DS0.3": {
      "auc": 0.7318477947848577,
      "eer": 0.3356643356643357,
      "accuracy": 0.6631701631701632,
      "ap": 0.7487225455589864,
      "precision": 0.6521739130434783,
      "recall": 0.6993006993006993,
      "f1": 0.6749156355455568,
      "sample_count": 858,
      "video_auc": 1.0,
      "video_eer": 0.0,
      "video_acc": 1.0
    },
    "dataset_9_SDv15_DS0.5": {
      "auc": 0.7686222091816498,
      "eer": 0.3123543123543124,
      "accuracy": 0.703962703962704,
      "ap": 0.7476154405835123,
      "precision": 0.665406427221172,
      "recall": 0.8205128205128205,
      "f1": 0.7348643006263048,
      "sample_count": 858,
      "video_auc": 1.0,
      "video_eer": 0.0,
      "video_acc": 1.0
    },
    "dataset_10_SDv15_DS0.7": {
      "auc": 0.7444346640150836,
      "eer": 0.30536130536130535,
      "accuracy": 0.6794871794871795,
      "ap": 0.7191472474358864,
      "precision": 0.6498054474708171,
      "recall": 0.7785547785547785,
      "f1": 0.7083775185577943,
      "sample_count": 858,
      "video_auc": 1.0,
      "video_eer": 0.0,
      "video_acc": 1.0
    },
    "dataset_11_SDv21_DS0.3": {
      "auc": 0.5954678577056199,
      "eer": 0.4149184149184149,
      "accuracy": 0.5827505827505828,
      "ap": 0.5822761231641963,
      "precision": 0.5951742627345844,
      "recall": 0.5174825174825175,
      "f1": 0.5536159600997507,
      "sample_count": 858,
      "video_auc": 1.0,
      "video_eer": 0.0,
      "video_acc": 1.0
    },
    "dataset_12_SDv21_DS0.5": {
      "auc": 0.7460239837862216,
      "eer": 0.317016317016317,
      "accuracy": 0.6899766899766899,
      "ap": 0.7169003459089484,
      "precision": 0.6607495069033531,
      "recall": 0.7808857808857809,
      "f1": 0.7158119658119658,
      "sample_count": 858,
      "video_auc": 1.0,
      "video_eer": 0.0,
      "video_acc": 1.0
    },
    "dataset_13_SDv21_DS0.7": {
      "auc": 0.832415059687787,
      "eer": 0.23776223776223776,
      "accuracy": 0.7645687645687645,
      "ap": 0.7777370594019348,
      "precision": 0.7074954296160878,
      "recall": 0.9020979020979021,
      "f1": 0.7930327868852459,
      "sample_count": 858,
      "video_auc": 1.0,
      "video_eer": 0.0,
      "video_acc": 1.0
    },
    "dataset_14_stable_diffusion_v_1_5_text2img_p3g7": {
      "auc": 0.904216995126086,
      "eer": 0.17482517482517482,
      "accuracy": 0.7832167832167832,
      "ap": 0.8783737856609787,
      "precision": 0.7062818336162988,
      "recall": 0.9696969696969697,
      "f1": 0.8172888015717092,
      "sample_count": 858,
      "video_auc": 1.0,
      "video_eer": 0.0,
      "video_acc": 1.0
    },
    "dataset_15_stable_diffusion_v_1_5_text2img_p4g5": {
      "auc": 0.9020028145902271,
      "eer": 0.1794871794871795,
      "accuracy": 0.7913752913752914,
      "ap": 0.886517545764787,
      "precision": 0.7133105802047781,
      "recall": 0.9743589743589743,
      "f1": 0.8236453201970443,
      "sample_count": 858,
      "video_auc": 1.0,
      "video_eer": 0.0,
      "video_acc": 1.0
    },
    "dataset_16_stable_diffusion_v_1_5_text2img_p5g3": {
      "auc": 0.9150135024260899,
      "eer": 0.15384615384615385,
      "accuracy": 0.7902097902097902,
      "ap": 0.9052136085223061,
      "precision": 0.7172774869109948,
      "recall": 0.958041958041958,
      "f1": 0.8203592814371258,
      "sample_count": 858,
      "video_auc": 1.0,
      "video_eer": 0.0,
      "video_acc": 1.0
    },
    "dataset_17_stable_diffusion_v_2_1_text2img_p0g5": {
      "auc": 0.8314397335376356,
      "eer": 0.24708624708624707,
      "accuracy": 0.7587412587412588,
      "ap": 0.7833935373739391,
      "precision": 0.7040441176470589,
      "recall": 0.8927738927738927,
      "f1": 0.7872559095580678,
      "sample_count": 858,
      "video_auc": 1.0,
      "video_eer": 0.0,
      "video_acc": 1.0
    },
    "dataset_18_stable_diffusion_v_2_1_text2img_p1g7": {
      "auc": 0.8120907841187561,
      "eer": 0.26573426573426573,
      "accuracy": 0.7494172494172494,
      "ap": 0.7790344599516675,
      "precision": 0.6966911764705882,
      "recall": 0.8834498834498834,
      "f1": 0.7790339157245632,
      "sample_count": 858,
      "video_auc": 1.0,
      "video_eer": 0.0,
      "video_acc": 1.0
    },
    "dataset_19_stable_diffusion_v_2_1_text2img_p2g3": {
      "auc": 0.8587352818122049,
      "eer": 0.20745920745920746,
      "accuracy": 0.7692307692307693,
      "ap": 0.8209161781136811,
      "precision": 0.7103825136612022,
      "recall": 0.9090909090909091,
      "f1": 0.7975460122699386,
      "sample_count": 858,
      "video_auc": 1.0,
      "video_eer": 0.0,
      "video_acc": 1.0
    },
    "dataset_20_Wild": {
      "auc": 0.9276248227297179,
      "eer": 0.13986013986013987,
      "accuracy": 0.7843822843822844,
      "ap": 0.9238549290848705,
      "precision": 0.7081911262798635,
      "recall": 0.9673659673659674,
      "f1": 0.8177339901477833,
      "sample_count": 858,
      "video_auc": 1.0,
      "video_eer": 0.0,
      "video_acc": 1.0
    }
  },
  "timestamp": "2026-01-28T10:27:01.303407"
}