{
  "datasets": {
    "dataset_1_train": {
      "auc": 0.9787905414423633,
      "eer": 0.07692307692307693,
      "accuracy": 0.35185185185185186,
      "ap": 0.989466891613098,
      "precision": 0.946725860155383,
      "recall": 0.9373626373626374,
      "f1": 0.9420209828823854,
      "sample_count": 1404
    },
    "dataset_2_val": {
      "auc": 0.9723860062893082,
      "eer": 0.08490566037735849,
      "accuracy": 0.35570469798657717,
      "ap": 0.9857646061261611,
      "precision": 0.9309462915601023,
      "recall": 0.9479166666666666,
      "f1": 0.9393548387096774,
      "sample_count": 596
    }
  },
  "timestamp": "2025-12-19T17:17:49.069394"
}