{
  "datasets": {
    "dataset_1_val": {
      "auc": 0.923579125034093,
      "eer": 0.15861262665627435,
      "accuracy": 0.4701355807988274,
      "ap": 0.9316155838855076,
      "precision": 0.8733624454148472,
      "recall": 0.8125864453665284,
      "f1": 0.8418790022838207,
      "sample_count": 21832
    }
  },
  "timestamp": "2025-12-19T15:03:20.805798"
}