{
  "datasets": {
    "dataset_1_val": {
      "auc": 0.9774060381344515,
      "eer": 0.07392996108949416,
      "accuracy": 0.3628662195552418,
      "ap": 0.9882810401961709,
      "precision": 0.935008192244675,
      "recall": 0.9484764542936288,
      "f1": 0.9416941694169417,
      "sample_count": 2833
    }
  },
  "timestamp": "2025-12-19T14:32:19.652500"
}