{
  "datasets": {
    "dataset_1_CollabDiff_sampled": {
      "auc": 0.9589319999999999,
      "eer": 0.1,
      "accuracy": 0.5,
      "ap": 0.9677801044719115,
      "precision": 1.0,
      "recall": 0.53,
      "f1": 0.6928104575163399,
      "sample_count": 1000
    },
    "dataset_2_deepfacelab_sampled": {
      "auc": 0.453582,
      "eer": 0.536,
      "accuracy": 0.5,
      "ap": 0.4606318263455179,
      "precision": 0.4657039711191336,
      "recall": 0.516,
      "f1": 0.48956356736242884,
      "sample_count": 1000
    },
    "dataset_3_heygen_new_sampled": {
      "auc": 0.7709500000000001,
      "eer": 0.298,
      "accuracy": 0.5,
      "ap": 0.7064781871247008,
      "precision": 0.5210970464135021,
      "recall": 0.988,
      "f1": 0.6823204419889503,
      "sample_count": 1000
    },
    "dataset_4_MidJourney_sampled": {
      "auc": 0.9929779116465864,
      "eer": 0.046,
      "accuracy": 0.501002004008016,
      "ap": 0.9933262803776457,
      "precision": 0.9094269870609981,
      "recall": 0.9879518072289156,
      "f1": 0.9470644850818094,
      "sample_count": 998
    },
    "dataset_5_stargan_sampled": {
      "auc": 0.967938,
      "eer": 0.094,
      "accuracy": 0.5,
      "ap": 0.9621847022707732,
      "precision": 0.9745454545454545,
      "recall": 0.536,
      "f1": 0.6916129032258065,
      "sample_count": 1000
    },
    "dataset_6_starganv2_sampled": {
      "auc": 0.9115626041662483,
      "eer": 0.1683366733466934,
      "accuracy": 0.5,
      "ap": 0.917334165888291,
      "precision": 0.9612068965517241,
      "recall": 0.4468937875751503,
      "f1": 0.6101231190150479,
      "sample_count": 998
    },
    "dataset_7_styleclip_sampled": {
      "auc": 0.995012,
      "eer": 0.028,
      "accuracy": 0.5,
      "ap": 0.9957380680280711,
      "precision": 1.0,
      "recall": 0.74,
      "f1": 0.8505747126436781,
      "sample_count": 1000
    },
    "dataset_8_whichfaceisreal_sampled": {
      "auc": 0.872182,
      "eer": 0.192,
      "accuracy": 0.5,
      "ap": 0.8291123471499718,
      "precision": 0.7312703583061889,
      "recall": 0.898,
      "f1": 0.8061041292639138,
      "sample_count": 1000
    }
  },
  "timestamp": "2025-12-17T09:18:26.135122"
}