{
  "datasets": {
    "dataset_1_CollabDiff_sampled": {
      "auc": 0.722694,
      "eer": 0.344,
      "accuracy": 0.5,
      "ap": 0.7331585749398474,
      "precision": 0.7198879551820728,
      "recall": 0.514,
      "f1": 0.5997666277712952,
      "sample_count": 1000
    },
    "dataset_2_deepfacelab_sampled": {
      "auc": 0.9216819999999999,
      "eer": 0.13,
      "accuracy": 0.5,
      "ap": 0.9430380217455568,
      "precision": 0.7512520868113522,
      "recall": 0.9,
      "f1": 0.818926296633303,
      "sample_count": 1000
    },
    "dataset_3_heygen_new_sampled": {
      "auc": 0.792754,
      "eer": 0.286,
      "accuracy": 0.5,
      "ap": 0.8468448515433019,
      "precision": 0.8316831683168316,
      "recall": 0.672,
      "f1": 0.7433628318584071,
      "sample_count": 1000
    },
    "dataset_4_MidJourney_sampled": {
      "auc": 0.5654156626506024,
      "eer": 0.454,
      "accuracy": 0.501002004008016,
      "ap": 0.5235071955393631,
      "precision": 0.43529411764705883,
      "recall": 0.07429718875502007,
      "f1": 0.1269296740994854,
      "sample_count": 998
    },
    "dataset_5_stargan_sampled": {
      "auc": 0.98853,
      "eer": 0.052,
      "accuracy": 0.5,
      "ap": 0.98614208492875,
      "precision": 0.7507507507507507,
      "recall": 1.0,
      "f1": 0.8576329331046312,
      "sample_count": 1000
    },
    "dataset_6_starganv2_sampled": {
      "auc": 0.8601853004606408,
      "eer": 0.20040080160320642,
      "accuracy": 0.5,
      "ap": 0.8821597326438803,
      "precision": 0.791015625,
      "recall": 0.811623246492986,
      "f1": 0.8011869436201781,
      "sample_count": 998
    },
    "dataset_7_styleclip_sampled": {
      "auc": 0.89085,
      "eer": 0.166,
      "accuracy": 0.5,
      "ap": 0.9144031856932266,
      "precision": 0.8106060606060606,
      "recall": 0.856,
      "f1": 0.8326848249027238,
      "sample_count": 1000
    },
    "dataset_8_whichfaceisreal_sampled": {
      "auc": 0.551852,
      "eer": 0.48,
      "accuracy": 0.5,
      "ap": 0.5551659433963352,
      "precision": 0.5384615384615384,
      "recall": 0.252,
      "f1": 0.34332425068119893,
      "sample_count": 1000
    }
  },
  "timestamp": "2025-12-17T08:56:51.396811"
}