{
  "datasets": {
    "dataset_1_CollabDiff": {
      "auc": 0.9111279999999999,
      "eer": 0.16,
      "accuracy": 0.5,
      "ap": 0.9196672676828841,
      "precision": 0.7127329192546584,
      "recall": 0.918,
      "f1": 0.8024475524475524,
      "sample_count": 1000
    },
    "dataset_2_heygen_new": {
      "auc": 0.8780920000000001,
      "eer": 0.224,
      "accuracy": 0.5,
      "ap": 0.8977116444286642,
      "precision": 0.6233766233766234,
      "recall": 0.96,
      "f1": 0.7559055118110236,
      "sample_count": 1000
    },
    "dataset_3_MidJourney": {
      "auc": 0.9641485943775101,
      "eer": 0.088,
      "accuracy": 0.501002004008016,
      "ap": 0.9484570105790864,
      "precision": 0.9369369369369369,
      "recall": 0.6265060240963856,
      "f1": 0.7509025270758123,
      "sample_count": 998
    },
    "dataset_4_stargan": {
      "auc": 0.977452,
      "eer": 0.08,
      "accuracy": 0.5,
      "ap": 0.9720019772415073,
      "precision": 0.702247191011236,
      "recall": 1.0,
      "f1": 0.8250825082508251,
      "sample_count": 1000
    },
    "dataset_5_starganv2": {
      "auc": 0.9501226902703201,
      "eer": 0.12625250501002003,
      "accuracy": 0.5,
      "ap": 0.9471794289695235,
      "precision": 0.6578249336870027,
      "recall": 0.9939879759519038,
      "f1": 0.7916999201915403,
      "sample_count": 998
    },
    "dataset_6_styleclip": {
      "auc": 0.939434,
      "eer": 0.116,
      "accuracy": 0.5,
      "ap": 0.9508624430071073,
      "precision": 0.734375,
      "recall": 0.94,
      "f1": 0.8245614035087719,
      "sample_count": 1000
    },
    "dataset_7_whichfaceisreal": {
      "auc": 0.9487159999999999,
      "eer": 0.128,
      "accuracy": 0.5,
      "ap": 0.9538330907447459,
      "precision": 0.9750692520775623,
      "recall": 0.704,
      "f1": 0.8176538908246226,
      "sample_count": 1000
    }
  },
  "timestamp": "2025-12-19T16:08:33.637107"
}