{
  "datasets": {
    "dataset_1_Chameleon_sampled": {
      "auc": 0.6998719999999999,
      "eer": 0.362,
      "accuracy": 0.5,
      "ap": 0.7003570206718867,
      "precision": 0.6365348399246704,
      "recall": 0.676,
      "f1": 0.6556741028128031,
      "sample_count": 1000
    }
  },
  "timestamp": "2025-12-17T10:04:39.577637"
}