{
  "datasets": {
    "dataset_1_CollabDiff_sampled": {
      "auc": 0.940078,
      "eer": 0.138,
      "accuracy": 0.5,
      "ap": 0.9373509710459007,
      "precision": 0.682825484764543,
      "recall": 0.986,
      "f1": 0.806873977086743,
      "sample_count": 1000
    },
    "dataset_2_deepfacelab_sampled": {
      "auc": 0.7725859999999999,
      "eer": 0.304,
      "accuracy": 0.5,
      "ap": 0.7490247846275739,
      "precision": 0.508646998982706,
      "recall": 1.0,
      "f1": 0.6743088334457181,
      "sample_count": 1000
    },
    "dataset_3_heygen_new_sampled": {
      "auc": 0.953702,
      "eer": 0.122,
      "accuracy": 0.5,
      "ap": 0.9518423610758935,
      "precision": 0.5787037037037037,
      "recall": 1.0,
      "f1": 0.7331378299120235,
      "sample_count": 1000
    },
    "dataset_4_MidJourney_sampled": {
      "auc": 0.7844277108433735,
      "eer": 0.29,
      "accuracy": 0.501002004008016,
      "ap": 0.7049304727176502,
      "precision": 0.6750348675034867,
      "recall": 0.9718875502008032,
      "f1": 0.7967078189300412,
      "sample_count": 998
    },
    "dataset_5_stargan_sampled": {
      "auc": 0.9540219999999999,
      "eer": 0.104,
      "accuracy": 0.5,
      "ap": 0.9458843486279347,
      "precision": 0.5482456140350878,
      "recall": 1.0,
      "f1": 0.7082152974504249,
      "sample_count": 1000
    },
    "dataset_6_starganv2_sampled": {
      "auc": 0.8153160027469769,
      "eer": 0.2625250501002004,
      "accuracy": 0.5,
      "ap": 0.8119827890950447,
      "precision": 0.5412147505422994,
      "recall": 1.0,
      "f1": 0.7023223082336383,
      "sample_count": 998
    },
    "dataset_7_styleclip_sampled": {
      "auc": 0.9896560000000001,
      "eer": 0.042,
      "accuracy": 0.5,
      "ap": 0.988531629402283,
      "precision": 0.6807639836289222,
      "recall": 0.998,
      "f1": 0.8094079480940795,
      "sample_count": 1000
    },
    "dataset_8_whichfaceisreal_sampled": {
      "auc": 0.869848,
      "eer": 0.208,
      "accuracy": 0.5,
      "ap": 0.8437479994764714,
      "precision": 0.6867647058823529,
      "recall": 0.934,
      "f1": 0.7915254237288135,
      "sample_count": 1000
    }
  },
  "timestamp": "2025-12-17T09:37:29.170663"
}