{
  "datasets": {
    "__info": "pretrain on ff, eval on quan",
    "dataset_1_quan_dataset": {
      "auc": 0.8712082825682339,
      "eer": 0.22168963451168364,
      "accuracy": 0.5007,
      "ap": 0.8748892184928954,
      "precision": 0.761521168977145,
      "recall": 0.8141397957139996,
      "f1": 0.7869518923627916,
      "sample_count": 20000
    }
  },
  "timestamp": "2025-12-18T10:04:27.446486"
}