{
  "datasets": {
    "dataset_1_quan_dataset": {
      "auc": 0.866278905,
      "eer": 0.2012,
      "accuracy": 0.5,
      "ap": 0.7961813429376953,
      "precision": 0.565335445186107,
      "recall": 0.9994,
      "f1": 0.7221620059252836,
      "sample_count": 20000
    }
  },
  "timestamp": "2025-12-18T09:40:23.691524"
}