{
  "datasets": {
    "dataset_1_quan_faceswap1000": {
      "auc": 0.2169235,
      "eer": 0.708,
      "accuracy": 0.5,
      "ap": 0.3469370989811874,
      "precision": 0.30954587581093607,
      "recall": 0.334,
      "f1": 0.3213083213083213,
      "sample_count": 2000
    }
  },
  "timestamp": "2025-12-18T10:30:31.410134"
}