{
  "datasets": {
    "dataset_1_val": {
      "auc": 0.99362409375,
      "eer": 0.03725,
      "accuracy": 0.5,
      "ap": 0.9932852098120508,
      "precision": 0.9233294255568582,
      "recall": 0.9845,
      "f1": 0.9529340592861464,
      "sample_count": 8000
    },
    "dataset_2_deepfacelab_sampled": {
      "auc": 0.6784,
      "eer": 0.368,
      "accuracy": 0.5,
      "ap": 0.6199458719967892,
      "precision": 0.501002004008016,
      "recall": 1.0,
      "f1": 0.6675567423230975,
      "sample_count": 1000
    },
    "dataset_3_heygen_new_sampled": {
      "auc": 0.8992,
      "eer": 0.182,
      "accuracy": 0.5,
      "ap": 0.8731036114441287,
      "precision": 0.5202913631633714,
      "recall": 1.0,
      "f1": 0.6844626967830253,
      "sample_count": 1000
    },
    "dataset_4_MidJourney_sampled": {
      "auc": 0.927074297188755,
      "eer": 0.164,
      "accuracy": 0.501002004008016,
      "ap": 0.9208053924369511,
      "precision": 0.5671981776765376,
      "recall": 1.0,
      "f1": 0.7238372093023255,
      "sample_count": 998
    },
    "dataset_5_stargan_sampled": {
      "auc": 0.807804,
      "eer": 0.256,
      "accuracy": 0.5,
      "ap": 0.7402758928047126,
      "precision": 0.5045408678102926,
      "recall": 1.0,
      "f1": 0.670690811535882,
      "sample_count": 1000
    },
    "dataset_6_starganv2_sampled": {
      "auc": 0.706906799571086,
      "eer": 0.38276553106212424,
      "accuracy": 0.5,
      "ap": 0.6831164073010878,
      "precision": 0.5030241935483871,
      "recall": 1.0,
      "f1": 0.6693494299128102,
      "sample_count": 998
    },
    "dataset_7_styleclip_sampled": {
      "auc": 0.853414,
      "eer": 0.238,
      "accuracy": 0.5,
      "ap": 0.8235761516846645,
      "precision": 0.5170630816959669,
      "recall": 1.0,
      "f1": 0.6816632583503749,
      "sample_count": 1000
    },
    "dataset_8_whichfaceisreal_sampled": {
      "auc": 0.868522,
      "eer": 0.19,
      "accuracy": 0.5,
      "ap": 0.8225611424119733,
      "precision": 0.558165548098434,
      "recall": 0.998,
      "f1": 0.7159253945480631,
      "sample_count": 1000
    }
  },
  "timestamp": "2025-12-18T08:46:59.068666"
}