{
  "datasets": {
    "dataset_1_val": {
      "auc": 0.9968553333333335,
      "eer": 0.020666666666666667,
      "accuracy": 0.5,
      "ap": 0.9967137420995292,
      "precision": 0.9656862745098039,
      "recall": 0.985,
      "f1": 0.9752475247524752,
      "sample_count": 6000
    }
  },
  "timestamp": "2025-12-22T10:53:03.693234"
}