{
  "datasets": {
    "dataset_1_val": {
      "auc": 0.9997666666666667,
      "eer": 0.01,
      "accuracy": 0.9833333333333333,
      "ap": 0.9997676506436952,
      "precision": 1.0,
      "recall": 0.9666666666666667,
      "f1": 0.9830508474576272,
      "sample_count": 600
    },
    "dataset_2_val": {
      "auc": 0.9961989501708398,
      "eer": 0.024319066147859923,
      "accuracy": 0.9756441934345217,
      "ap": 0.9980493967851045,
      "precision": 0.9876404494382023,
      "recall": 0.9739612188365651,
      "f1": 0.9807531380753138,
      "sample_count": 2833
    }
  },
  "timestamp": "2025-12-25T14:16:57.663689"
}