{
  "datasets": {
    "dataset_1_CollabDiff": {
      "auc": 0.9779720000000001,
      "eer": 0.074,
      "accuracy": 0.915,
      "ap": 0.9802364133779574,
      "precision": 0.9683972911963883,
      "recall": 0.858,
      "f1": 0.9098621420996819,
      "sample_count": 1000
    },
    "dataset_2_deepfacelab": {
      "auc": 0.728736,
      "eer": 0.304,
      "accuracy": 0.623,
      "ap": 0.7152510223693613,
      "precision": 0.5845942228335625,
      "recall": 0.85,
      "f1": 0.6927465362673186,
      "sample_count": 1000
    },
    "dataset_3_heygen_new": {
      "auc": 0.6233279999999999,
      "eer": 0.406,
      "accuracy": 0.535,
      "ap": 0.6268750897109058,
      "precision": 0.5196408529741863,
      "recall": 0.926,
      "f1": 0.6657081236520489,
      "sample_count": 1000
    },
    "dataset_4_MidJourney": {
      "auc": 1.0,
      "eer": 0.0,
      "accuracy": 1.0,
      "ap": 1.0,
      "precision": 1.0,
      "recall": 1.0,
      "f1": 1.0,
      "sample_count": 998
    },
    "dataset_5_stargan": {
      "auc": 0.9926999999999999,
      "eer": 0.038,
      "accuracy": 0.934,
      "ap": 0.9930700583615379,
      "precision": 0.8888888888888888,
      "recall": 0.992,
      "f1": 0.9376181474480151,
      "sample_count": 1000
    },
    "dataset_6_starganv2": {
      "auc": 0.9835060903369867,
      "eer": 0.06813627254509018,
      "accuracy": 0.8997995991983968,
      "ap": 0.984796766400843,
      "precision": 0.8469565217391304,
      "recall": 0.9759519038076152,
      "f1": 0.9068901303538175,
      "sample_count": 998
    },
    "dataset_7_styleclip": {
      "auc": 0.997356,
      "eer": 0.02,
      "accuracy": 0.977,
      "ap": 0.9978109524935058,
      "precision": 0.9685658153241651,
      "recall": 0.986,
      "f1": 0.977205153617443,
      "sample_count": 1000
    },
    "dataset_8_whichfaceisreal": {
      "auc": 0.9991960000000001,
      "eer": 0.012,
      "accuracy": 0.992,
      "ap": 0.9991432652572187,
      "precision": 0.9880952380952381,
      "recall": 0.996,
      "f1": 0.9920318725099602,
      "sample_count": 1000
    }
  },
  "timestamp": "2025-12-29T09:56:40.710774"
}