{
  "datasets": {
    "dataset_1_val": {
      "auc": 0.8582749776578582,
      "eer": 0.233110008694318,
      "accuracy": 0.7698325506151079,
      "ap": 0.9224533203076757,
      "precision": 0.846509896257836,
      "recall": 0.7862116015438819,
      "f1": 0.8152473059927127,
      "sample_count": 165662,
      "video_auc": 1.0,
      "video_eer": 0.0,
      "video_acc": 1.0
    }
  },
  "timestamp": "2026-01-15T12:55:52.602642"
}