{
  "weight": "newBatchFaces.pth",
  "datasets": {
    "dataset_1_Chameleon_retinafaces": {
      "auc": 0.9610520387596064,
      "eer": 0.10408560311284047,
      "accuracy": 0.8944581715495941,
      "ap": 0.9784737539565111,
      "precision": 0.8958990536277602,
      "recall": 0.9440443213296399,
      "f1": 0.9193417858106285,
      "sample_count": 2833,
      "video_auc": 1.0,
      "video_eer": 0.0,
      "video_acc": 1.0
    },
    "dataset_2_CollabDiff": {
      "auc": 0.9840444444444444,
      "eer": 0.06666666666666667,
      "accuracy": 0.9366666666666666,
      "ap": 0.982945382401814,
      "precision": 0.9225806451612903,
      "recall": 0.9533333333333334,
      "f1": 0.9377049180327869,
      "sample_count": 300,
      "video_auc": 1.0,
      "video_eer": 0.0,
      "video_acc": 1.0
    },
    "dataset_3_deepfacelab": {
      "auc": 0.894711111111111,
      "eer": 0.16666666666666666,
      "accuracy": 0.7166666666666667,
      "ap": 0.9073353551958572,
      "precision": 0.6540284360189573,
      "recall": 0.92,
      "f1": 0.7645429362880887,
      "sample_count": 300,
      "video_auc": 1.0,
      "video_eer": 0.0,
      "video_acc": 0.5
    },
    "dataset_4_heygen_new": {
      "auc": 0.9073777777777777,
      "eer": 0.18,
      "accuracy": 0.5633333333333334,
      "ap": 0.922279303335923,
      "precision": 0.5340501792114696,
      "recall": 0.9933333333333333,
      "f1": 0.6946386946386947,
      "sample_count": 300,
      "video_auc": 1.0,
      "video_eer": 0.0,
      "video_acc": 0.5
    },
    "dataset_5_MidJourney": {
      "auc": 0.9931555555555556,
      "eer": 0.03333333333333333,
      "accuracy": 0.9566666666666667,
      "ap": 0.9924134539236196,
      "precision": 0.9202453987730062,
      "recall": 1.0,
      "f1": 0.9584664536741214,
      "sample_count": 300,
      "video_auc": 1.0,
      "video_eer": 0.0,
      "video_acc": 1.0
    },
    "dataset_6_stargan": {
      "auc": 0.9795333333333333,
      "eer": 0.07333333333333333,
      "accuracy": 0.76,
      "ap": 0.9758428510653948,
      "precision": 0.6756756756756757,
      "recall": 1.0,
      "f1": 0.8064516129032258,
      "sample_count": 300,
      "video_auc": 1.0,
      "video_eer": 0.0,
      "video_acc": 0.5
    },
    "dataset_7_starganv2": {
      "auc": 0.9489662627809559,
      "eer": 0.12751677852348994,
      "accuracy": 0.7181208053691275,
      "ap": 0.9490220627488648,
      "precision": 0.6406926406926406,
      "recall": 0.9932885906040269,
      "f1": 0.7789473684210526,
      "sample_count": 298,
      "video_auc": 1.0,
      "video_eer": 0.0,
      "video_acc": 0.5
    },
    "dataset_8_styleclip": {
      "auc": 0.9984,
      "eer": 0.006666666666666667,
      "accuracy": 0.96,
      "ap": 0.998510931856995,
      "precision": 0.93125,
      "recall": 0.9933333333333333,
      "f1": 0.9612903225806452,
      "sample_count": 300,
      "video_auc": 1.0,
      "video_eer": 0.0,
      "video_acc": 1.0
    },
    "dataset_9_whichfaceisreal": {
      "auc": 0.9559555555555556,
      "eer": 0.13333333333333333,
      "accuracy": 0.87,
      "ap": 0.9594922406975194,
      "precision": 0.8675496688741722,
      "recall": 0.8733333333333333,
      "f1": 0.8704318936877077,
      "sample_count": 300,
      "video_auc": 1.0,
      "video_eer": 0.0,
      "video_acc": 1.0
    },
    "dataset_10_ADM": {
      "auc": 0.9983702737940027,
      "eer": 0.019230769230769232,
      "accuracy": 0.9774774774774775,
      "ap": 0.9985997816268957,
      "precision": 0.9829059829059829,
      "recall": 0.9745762711864406,
      "f1": 0.9787234042553191,
      "sample_count": 222,
      "video_auc": 1.0,
      "video_eer": 0.0,
      "video_acc": 1.0
    },
    "dataset_11_BigGAN": {
      "auc": 0.997564935064935,
      "eer": 0.017857142857142856,
      "accuracy": 0.967948717948718,
      "ap": 0.9946020095647123,
      "precision": 0.9148936170212766,
      "recall": 0.9772727272727273,
      "f1": 0.945054945054945,
      "sample_count": 156,
      "video_auc": 1.0,
      "video_eer": 0.0,
      "video_acc": 1.0
    },
    "dataset_12_glide": {
      "auc": 1.0,
      "eer": 0.0,
      "accuracy": 0.9803921568627451,
      "ap": 1.0,
      "precision": 0.3333333333333333,
      "recall": 1.0,
      "f1": 0.5,
      "sample_count": 102,
      "video_auc": 1.0,
      "video_eer": 0.0,
      "video_acc": 1.0
    },
    "dataset_13_Midjourney": {
      "auc": 0.986842105263158,
      "eer": 0.05,
      "accuracy": 0.9387755102040817,
      "ap": 0.9793083061021773,
      "precision": 0.9324324324324325,
      "recall": 0.9078947368421053,
      "f1": 0.92,
      "sample_count": 196,
      "video_auc": 1.0,
      "video_eer": 0.0,
      "video_acc": 1.0
    },
    "dataset_14_stable_diffusion_v_1_4": {
      "auc": 0.9919157536432295,
      "eer": 0.058823529411764705,
      "accuracy": 0.9444444444444444,
      "ap": 0.9879728021630267,
      "precision": 0.9047619047619048,
      "recall": 0.9620253164556962,
      "f1": 0.9325153374233128,
      "sample_count": 198,
      "video_auc": 1.0,
      "video_eer": 0.0,
      "video_acc": 1.0
    },
    "dataset_15_stable_diffusion_v_1_5": {
      "auc": 0.9941992720655142,
      "eer": 0.03184713375796178,
      "accuracy": 0.966542750929368,
      "ap": 0.9921311229169654,
      "precision": 0.963963963963964,
      "recall": 0.9553571428571429,
      "f1": 0.9596412556053812,
      "sample_count": 269,
      "video_auc": 1.0,
      "video_eer": 0.0,
      "video_acc": 1.0
    },
    "dataset_16_VQDM": {
      "auc": 1.0,
      "eer": 0.0,
      "accuracy": 0.96875,
      "ap": 1.0,
      "precision": 0.9242424242424242,
      "recall": 1.0,
      "f1": 0.9606299212598425,
      "sample_count": 160,
      "video_auc": 1.0,
      "video_eer": 0.0,
      "video_acc": 1.0
    },
    "dataset_17_wukong": {
      "auc": 0.9839810924369747,
      "eer": 0.05357142857142857,
      "accuracy": 0.9392523364485982,
      "ap": 0.9773728056810626,
      "precision": 0.9587628865979382,
      "recall": 0.9117647058823529,
      "f1": 0.9346733668341709,
      "sample_count": 214,
      "video_auc": 1.0,
      "video_eer": 0.0,
      "video_acc": 1.0
    },
    "dataset_18_quan_dataset": {
      "auc": 0.9960263333333333,
      "eer": 0.028,
      "accuracy": 0.9648333333333333,
      "ap": 0.9962989787365428,
      "precision": 0.9491143317230274,
      "recall": 0.9823333333333333,
      "f1": 0.9654381654381654,
      "sample_count": 6000,
      "video_auc": 1.0,
      "video_eer": 0.0,
      "video_acc": 1.0
    },
    "dataset_19_quan_faceswap2000": {
      "auc": 0.9350222222222222,
      "eer": 0.12333333333333334,
      "accuracy": 0.8016666666666666,
      "ap": 0.9319492502831486,
      "precision": 0.9170506912442397,
      "recall": 0.6633333333333333,
      "f1": 0.769825918762089,
      "sample_count": 600,
      "video_auc": 1.0,
      "video_eer": 0.0,
      "video_acc": 1.0
    }
  },
  "timestamp": "2026-01-07T12:06:28.689111"
}