{
  "weight": "batchFacesAll.pth",
  "datasets": {
    "dataset_1_Chameleon_retinafaces": {
      "auc": 0.9961989501708398,
      "eer": 0.024319066147859923,
      "accuracy": 0.9756441934345217,
      "ap": 0.9980493967851045,
      "precision": 0.9876404494382023,
      "recall": 0.9739612188365651,
      "f1": 0.9807531380753138,
      "sample_count": 2833
    },
    "dataset_2_CollabDiff": {
      "auc": 0.9698222222222223,
      "eer": 0.08666666666666667,
      "accuracy": 0.89,
      "ap": 0.9734487639914893,
      "precision": 0.975609756097561,
      "recall": 0.8,
      "f1": 0.8791208791208791,
      "sample_count": 300
    },
    "dataset_3_deepfacelab": {
      "auc": 0.7576,
      "eer": 0.28,
      "accuracy": 0.64,
      "ap": 0.7370924841497375,
      "precision": 0.5981308411214953,
      "recall": 0.8533333333333334,
      "f1": 0.7032967032967034,
      "sample_count": 300
    },
    "dataset_4_heygen_new": {
      "auc": 0.6256444444444444,
      "eer": 0.3933333333333333,
      "accuracy": 0.54,
      "ap": 0.6227320513955878,
      "precision": 0.5220588235294118,
      "recall": 0.9466666666666667,
      "f1": 0.6729857819905213,
      "sample_count": 300
    },
    "dataset_5_MidJourney": {
      "auc": 1.0,
      "eer": 0.0,
      "accuracy": 1.0,
      "ap": 1.0000000000000002,
      "precision": 1.0,
      "recall": 1.0,
      "f1": 1.0,
      "sample_count": 300
    },
    "dataset_6_stargan": {
      "auc": 0.9903111111111111,
      "eer": 0.03333333333333333,
      "accuracy": 0.9266666666666666,
      "ap": 0.9906620408646634,
      "precision": 0.8764705882352941,
      "recall": 0.9933333333333333,
      "f1": 0.93125,
      "sample_count": 300
    },
    "dataset_7_starganv2": {
      "auc": 0.9877933426422234,
      "eer": 0.053691275167785234,
      "accuracy": 0.8859060402684564,
      "ap": 0.9899981970038357,
      "precision": 0.8248587570621468,
      "recall": 0.9798657718120806,
      "f1": 0.8957055214723927,
      "sample_count": 298
    },
    "dataset_8_styleclip": {
      "auc": 0.9993333333333333,
      "eer": 0.02,
      "accuracy": 0.9833333333333333,
      "ap": 0.9993496441509687,
      "precision": 0.9801324503311258,
      "recall": 0.9866666666666667,
      "f1": 0.9833887043189369,
      "sample_count": 300
    },
    "dataset_9_whichfaceisreal": {
      "auc": 0.9996444444444444,
      "eer": 0.0,
      "accuracy": 0.9933333333333333,
      "ap": 0.9996624472573842,
      "precision": 0.9933333333333333,
      "recall": 0.9933333333333333,
      "f1": 0.9933333333333333,
      "sample_count": 300
    },
    "dataset_10_ADM": {
      "auc": 1.0,
      "eer": 0.0,
      "accuracy": 1.0,
      "ap": 0.9999999999999999,
      "precision": 1.0,
      "recall": 1.0,
      "f1": 1.0,
      "sample_count": 222
    },
    "dataset_11_BigGAN": {
      "auc": 1.0,
      "eer": 0.0,
      "accuracy": 1.0,
      "ap": 1.0,
      "precision": 1.0,
      "recall": 1.0,
      "f1": 1.0,
      "sample_count": 156
    },
    "dataset_12_glide": {
      "auc": 1.0,
      "eer": 0.0,
      "accuracy": 1.0,
      "ap": 1.0,
      "precision": 1.0,
      "recall": 1.0,
      "f1": 1.0,
      "sample_count": 102
    },
    "dataset_13_Midjourney": {
      "auc": 1.0,
      "eer": 0.0,
      "accuracy": 0.9897959183673469,
      "ap": 1.0,
      "precision": 1.0,
      "recall": 0.9736842105263158,
      "f1": 0.9866666666666667,
      "sample_count": 196
    },
    "dataset_14_stable_diffusion_v_1_4": {
      "auc": 0.9996808850122327,
      "eer": 0.025210084033613446,
      "accuracy": 0.9848484848484849,
      "ap": 0.9995368941031182,
      "precision": 0.9634146341463414,
      "recall": 1.0,
      "f1": 0.9813664596273292,
      "sample_count": 198
    },
    "dataset_15_stable_diffusion_v_1_5": {
      "auc": 0.9993175614194723,
      "eer": 0.006369426751592357,
      "accuracy": 0.9888475836431226,
      "ap": 0.9990566489934464,
      "precision": 0.990990990990991,
      "recall": 0.9821428571428571,
      "f1": 0.9865470852017937,
      "sample_count": 269
    },
    "dataset_16_VQDM": {
      "auc": 1.0,
      "eer": 0.0,
      "accuracy": 0.99375,
      "ap": 1.0,
      "precision": 0.9838709677419355,
      "recall": 1.0,
      "f1": 0.991869918699187,
      "sample_count": 160
    },
    "dataset_17_wukong": {
      "auc": 0.9973739495798319,
      "eer": 0.008928571428571428,
      "accuracy": 0.9953271028037384,
      "ap": 0.9966442903581848,
      "precision": 0.9902912621359223,
      "recall": 1.0,
      "f1": 0.9951219512195122,
      "sample_count": 214
    },
    "dataset_18_quan_dataset": {
      "auc": 0.9999805555555555,
      "eer": 0.0013333333333333333,
      "accuracy": 0.9985,
      "ap": 0.9999809761296169,
      "precision": 0.9983338887037654,
      "recall": 0.9986666666666667,
      "f1": 0.9985002499583403,
      "sample_count": 6000
    },
    "dataset_19_quan_faceswap2000": {
      "auc": 0.9997666666666667,
      "eer": 0.01,
      "accuracy": 0.9833333333333333,
      "ap": 0.9997676506436952,
      "precision": 1.0,
      "recall": 0.9666666666666667,
      "f1": 0.9830508474576272,
      "sample_count": 600
    }
  },
  "timestamp": "2026-01-07T14:48:58.093991"
}
