{
  "datasets": {
    "dataset_1_Chameleon_retinafaces": {
      "auc": 0.9610520387596064,
      "eer": 0.10408560311284047,
      "accuracy": 0.8944581715495941,
      "ap": 0.9784737539565111,
      "precision": 0.8958990536277602,
      "recall": 0.9440443213296399,
      "f1": 0.9193417858106285,
      "sample_count": 2833,
      "video_auc": 1.0,
      "video_eer": 0.0,
      "video_acc": 1.0
    },
    "dataset_2_quan_dataset": {
      "auc": 0.9960263333333333,
      "eer": 0.028,
      "accuracy": 0.9648333333333333,
      "ap": 0.9962989787365428,
      "precision": 0.9491143317230274,
      "recall": 0.9823333333333333,
      "f1": 0.9654381654381654,
      "sample_count": 6000,
      "video_auc": 1.0,
      "video_eer": 0.0,
      "video_acc": 1.0
    },
    "dataset_3_quan_faceswap2000": {
      "auc": 0.9350222222222222,
      "eer": 0.12333333333333334,
      "accuracy": 0.8016666666666666,
      "ap": 0.9319492502831486,
      "precision": 0.9170506912442397,
      "recall": 0.6633333333333333,
      "f1": 0.769825918762089,
      "sample_count": 600,
      "video_auc": 1.0,
      "video_eer": 0.0,
      "video_acc": 1.0
    }
  },
  "timestamp": "2026-01-07T08:26:34.273043"
}