{
  "weight":"effort_clip_L14_trainOn_FaceForensic.pth",
  "datasets": {
    "dataset_1_Chameleon_retinafaces": {
      "auc": 0.43746214040117704,
      "eer": 0.5544747081712063,
      "accuracy": 0.4288739851747264,
      "ap": 0.6137787941740602,
      "precision": 0.591756624141315,
      "recall": 0.33407202216066484,
      "f1": 0.42705382436260625,
      "sample_count": 2833
    },
    "dataset_2_CollabDiff": {
      "auc": 0.7391333333333334,
      "eer": 0.3466666666666667,
      "accuracy": 0.6733333333333333,
      "ap": 0.7480658526928357,
      "precision": 0.7452830188679245,
      "recall": 0.5266666666666666,
      "f1": 0.6171875,
      "sample_count": 300
    },
    "dataset_3_deepfacelab": {
      "auc": 0.9427555555555555,
      "eer": 0.11333333333333333,
      "accuracy": 0.8066666666666666,
      "ap": 0.9572613886844692,
      "precision": 0.7473118279569892,
      "recall": 0.9266666666666666,
      "f1": 0.8273809523809523,
      "sample_count": 300
    },
    "dataset_4_heygen_new": {
      "auc": 0.7752222222222223,
      "eer": 0.3,
      "accuracy": 0.75,
      "ap": 0.8379326955905271,
      "precision": 0.8,
      "recall": 0.6666666666666666,
      "f1": 0.7272727272727273,
      "sample_count": 300
    },
    "dataset_5_MidJourney": {
      "auc": 0.5480666666666667,
      "eer": 0.5,
      "accuracy": 0.49,
      "ap": 0.5214697629290563,
      "precision": 0.43478260869565216,
      "recall": 0.06666666666666667,
      "f1": 0.11560693641618497,
      "sample_count": 300
    },
    "dataset_6_stargan": {
      "auc": 0.9941333333333333,
      "eer": 0.04,
      "accuracy": 0.83,
      "ap": 0.9933426534821506,
      "precision": 0.746268656716418,
      "recall": 1.0,
      "f1": 0.8547008547008547,
      "sample_count": 300
    },
    "dataset_7_starganv2": {
      "auc": 0.8549614882212514,
      "eer": 0.2214765100671141,
      "accuracy": 0.7751677852348994,
      "ap": 0.8891660639420812,
      "precision": 0.75625,
      "recall": 0.8120805369127517,
      "f1": 0.7831715210355987,
      "sample_count": 298
    },
    "dataset_8_styleclip": {
      "auc": 0.9120444444444443,
      "eer": 0.14666666666666667,
      "accuracy": 0.8566666666666667,
      "ap": 0.9369738238439154,
      "precision": 0.8282208588957055,
      "recall": 0.9,
      "f1": 0.8626198083067093,
      "sample_count": 300
    },
    "dataset_9_whichfaceisreal": {
      "auc": 0.5715111111111111,
      "eer": 0.47333333333333333,
      "accuracy": 0.5233333333333333,
      "ap": 0.5623910768685412,
      "precision": 0.5421686746987951,
      "recall": 0.3,
      "f1": 0.38626609442060084,
      "sample_count": 300
    },
    "dataset_10_ADM": {
      "auc": 0.9375814863102998,
      "eer": 0.1346153846153846,
      "accuracy": 0.7972972972972973,
      "ap": 0.9529155932935206,
      "precision": 0.7552447552447552,
      "recall": 0.9152542372881356,
      "f1": 0.8275862068965517,
      "sample_count": 222
    },
    "dataset_11_BigGAN": {
      "auc": 0.9780844155844156,
      "eer": 0.044642857142857144,
      "accuracy": 0.6730769230769231,
      "ap": 0.9646500782980865,
      "precision": 0.46236559139784944,
      "recall": 0.9772727272727273,
      "f1": 0.6277372262773723,
      "sample_count": 156
    },
    "dataset_12_glide": {
      "auc": 0.9900990099009901,
      "eer": 0.009900990099009901,
      "accuracy": 0.7156862745098039,
      "ap": 0.5,
      "precision": 0.03333333333333333,
      "recall": 1.0,
      "f1": 0.06451612903225806,
      "sample_count": 102
    },
    "dataset_13_Midjourney": {
      "auc": 0.5986842105263157,
      "eer": 0.4583333333333333,
      "accuracy": 0.6020408163265306,
      "ap": 0.5041420499518199,
      "precision": 0.48717948717948717,
      "recall": 0.5,
      "f1": 0.4935064935064935,
      "sample_count": 196
    },
    "dataset_14_stable_diffusion_v_1_4": {
      "auc": 0.6442931603020955,
      "eer": 0.3949579831932773,
      "accuracy": 0.6161616161616161,
      "ap": 0.5698035108435886,
      "precision": 0.5172413793103449,
      "recall": 0.569620253164557,
      "f1": 0.5421686746987951,
      "sample_count": 198
    },
    "dataset_15_stable_diffusion_v_1_5": {
      "auc": 0.5749829390354868,
      "eer": 0.4713375796178344,
      "accuracy": 0.5650557620817844,
      "ap": 0.5501496030428554,
      "precision": 0.4774774774774775,
      "recall": 0.4732142857142857,
      "f1": 0.47533632286995514,
      "sample_count": 269
    },
    "dataset_16_VQDM": {
      "auc": 0.9975161450571286,
      "eer": 0.04040404040404041,
      "accuracy": 0.7,
      "ap": 0.9959508688645172,
      "precision": 0.5596330275229358,
      "recall": 1.0,
      "f1": 0.7176470588235294,
      "sample_count": 160
    },
    "dataset_17_wukong": {
      "auc": 0.7168242296918768,
      "eer": 0.3482142857142857,
      "accuracy": 0.6588785046728972,
      "ap": 0.694225305272617,
      "precision": 0.6260869565217392,
      "recall": 0.7058823529411765,
      "f1": 0.663594470046083,
      "sample_count": 214
    },
    "dataset_18_quan_dataset": {
      "auc": 0.9004141666666667,
      "eer": 0.18166666666666667,
      "accuracy": 0.836,
      "ap": 0.9169171491778224,
      "precision": 0.8783783783783784,
      "recall": 0.78,
      "f1": 0.826271186440678,
      "sample_count": 6000
    },
    "dataset_19_quan_faceswap2000": {
      "auc": 0.6916555555555556,
      "eer": 0.37,
      "accuracy": 0.5883333333333334,
      "ap": 0.6782092112262845,
      "precision": 0.7523809523809524,
      "recall": 0.2633333333333333,
      "f1": 0.39012345679012345,
      "sample_count": 600
    }
  },
  "timestamp": "2026-01-07T15:28:06.925853"
}
