{
  "dataset": "dataset_2_val",
  "timestamp": "20251216_101454",
  "metrics": {
    "auc": 0.6025970416666667,
    "eer": 0.42766666666666664,
    "accuracy": 0.5,
    "ap": 0.5835336537596222,
    "precision": 0.5473912052859421,
    "recall": 0.8008333333333333,
    "f1": 0.6502909730680742,
    "sample_count": 12000
  },
  "config": {
    "model_name": "effort",
    "backbone_name": "vit",
    "resolution": 224,
    "frame_num": {
      "train": 4,
      "test": 8
    }
  }
}