{
  "dataset": "dataset_1_val",
  "timestamp": "20251216_100237",
  "metrics": {
    "auc": 0.7455099722222223,
    "eer": 0.32966666666666666,
    "accuracy": 0.5,
    "ap": 0.7623843731903421,
    "precision": 0.5761378136962995,
    "recall": 0.903,
    "f1": 0.7034536484030122,
    "sample_count": 12000
  },
  "config": {
    "model_name": "effort",
    "backbone_name": "vit",
    "resolution": 224,
    "frame_num": {
      "train": 4,
      "test": 8
    }
  }
}