{
  "datasets": {
    "dataset_1_val": {
      "auc": 0.7455099722222223,
      "eer": 0.32966666666666666,
      "accuracy": 0.5,
      "ap": 0.7623843731903421,
      "precision": 0.5761378136962995,
      "recall": 0.903,
      "f1": 0.7034536484030122,
      "sample_count": 12000
    },
    "dataset_2_val": {
      "auc": 0.6025970416666667,
      "eer": 0.42766666666666664,
      "accuracy": 0.5,
      "ap": 0.5835336537596222,
      "precision": 0.5473912052859421,
      "recall": 0.8008333333333333,
      "f1": 0.6502909730680742,
      "sample_count": 12000
    }
  },
  "timestamp": "2025-12-16T10:14:54.655634"
}