{
  "datasets": {
    "dataset_1_CollabDiff": {
      "auc": 0.9111279999999999,
      "eer": 0.16,
      "accuracy": 0.5,
      "ap": 0.9196672676828841,
      "precision": 0.7127329192546584,
      "recall": 0.918,
      "f1": 0.8024475524475524,
      "sample_count": 1000
    }
  },
  "timestamp": "2025-12-19T15:31:57.596742"
}