{
  "datasets": {
    "dataset_1_train": {
      "auc": 0.9986265306122448,
      "eer": 0.02,
      "accuracy": 0.9821428571428571,
      "ap": 0.9985940204446315,
      "precision": 0.9760225669957687,
      "recall": 0.9885714285714285,
      "f1": 0.9822569198012775,
      "sample_count": 1400
    }
  },
  "timestamp": "2025-12-22T13:46:51.422747"
}