{
  "datasets": {
    "dataset_1_val": {
      "auc": 0.995953625,
      "eer": 0.0325,
      "accuracy": 0.5,
      "ap": 0.9959568279659634,
      "precision": 0.9797539723218862,
      "recall": 0.95575,
      "f1": 0.967603138445963,
      "sample_count": 8000
    }
  },
  "timestamp": "2025-12-17T10:16:18.455529"
}