{
  "datasets": {
    "UADFV": {
      "auc": 0.9961474385672636,
      "eer": 0.04081632653061224,
      "accuracy": 0.5,
      "ap": 0.996516901219652,
      "precision": 1.0,
      "recall": 0.9489795918367347,
      "f1": 0.9738219895287958,
      "sample_count": 196
    },
    "Celeb-DF-v2": {
      "auc": 0.6711624256444151,
      "eer": 0.3651685393258427,
      "accuracy": 0.3436293436293436,
      "ap": 0.804733677699166,
      "precision": 0.9090909090909091,
      "recall": 0.20588235294117646,
      "f1": 0.33573141486810554,
      "sample_count": 1036
    },
    "FaceForensics++": {
      "auc": 0.6634933035714287,
      "eer": 0.39285714285714285,
      "accuracy": 0.2,
      "ap": 0.8958356060680298,
      "precision": 0.9589552238805971,
      "recall": 0.2294642857142857,
      "f1": 0.3703170028818444,
      "sample_count": 1400
    }
  },
  "timestamp": "2025-12-11T09:08:25.326649"
}