{
  "datasets": {
    "dataset_1_quan_faceswap1000": {
      "auc": 0.686502,
      "eer": 0.372,
      "accuracy": 0.5,
      "ap": 0.6695275363088122,
      "precision": 0.724233983286908,
      "recall": 0.26,
      "f1": 0.3826342899190581,
      "sample_count": 2000
    }
  },
  "timestamp": "2025-12-18T10:15:23.877252"
}