{
  "dataset": "FaceForensics++",
  "timestamp": "20251211_090825",
  "metrics": {
    "auc": 0.6634933035714287,
    "eer": 0.39285714285714285,
    "accuracy": 0.2,
    "ap": 0.8958356060680298,
    "precision": 0.9589552238805971,
    "recall": 0.2294642857142857,
    "f1": 0.3703170028818444,
    "sample_count": 1400
  },
  "config": {
    "model_name": "effort",
    "backbone_name": "vit",
    "resolution": 224,
    "frame_num": {
      "train": 2,
      "test": 2
    }
  }
}