{
  "dataset": "UADFV",
  "timestamp": "20251211_090550",
  "metrics": {
    "auc": 0.9961474385672636,
    "eer": 0.04081632653061224,
    "accuracy": 0.5,
    "ap": 0.996516901219652,
    "precision": 1.0,
    "recall": 0.9489795918367347,
    "f1": 0.9738219895287958,
    "sample_count": 196
  },
  "config": {
    "model_name": "effort",
    "backbone_name": "vit",
    "resolution": 224,
    "frame_num": {
      "train": 2,
      "test": 2
    }
  }
}